P0_0,P0_0
P0.10,P0.10
P0.1,P0.1
P0.9,P0.9
P3.1,P3.1
P3.2,P3.2
P3.0,P3.0
P15.3,P15.3
P14.15,P14.15
P15.2,P15.2
P14.13,P14.13
P14.14,P14.14
P14.7,P14.7
P14.12,P14.12
P14.5,P14.5
P14.6,P14.6
P14.3,P14.3
P14.4,P14.4
P14.1,P14.1
P14.2,P14.2
P14.0,P14.0
P2.15,P2.15
P14.9,P14.9
P2.14,P2.14
P14.8,P14.8
P2.1,P2.1
P2.10,P2.10
P2.6,P2.6
P5.7,P5.7
P5.2,P5.2
P5.1,P5.1
P5.0,P5.0
P1.15,P1.15
P1.14,P1.14
P1.13,P1.13
P1.12,P1.12
P1.11,P1.11
P1.10,P1.10
P1.5,P1.5
P1.4,P1.4
P1.3,P1.3
P1.2,P1.2
P1.1,P1.1
P1.0,P1.0
P1.9,P1.9
P1.8,P1.8
P0.8,P0.8
P0.7,P0.7
P3.4,P3.4
P3.3,P3.3
P0.12,P0.12
P0.11,P0.11
P0.6,P0.6
P0.5,P0.5
P0.2,P0.2
P0.3,P0.3
P0.4,P0.4


